Timestamp,How much money do you ask for (in USD)?,How many years old are you?,What is your gender?,About how much do you make per year?,"On a scale of 1 to 10, how greedy would you say you are?",Do you own a home?,Name a color.,Source
6/18/2019 19:51:45,1000,25,Male,6000,3,No,Black,reddit
6/18/2019 20:02:40,50,13,Male,0,4,No,Green,reddit
6/18/2019 20:12:08,50000000,19,Female,,5,No,blue,reddit
6/18/2019 20:15:09,5000,15,Female,0,7,No,Gray,reddit
6/18/2019 20:20:41,250,24,Female,36000,6,No,purple,reddit
6/18/2019 20:21:05,5000000,16,Male,0,6,No,Blue,reddit
6/18/2019 20:23:57,80000,24,Male,,4,,green,reddit
6/18/2019 20:29:47,100000000,28,Male,75000,8,Yes,Yellow,reddit
6/18/2019 20:33:12,499000,26,Female,,6,No,Blue,reddit
6/18/2019 20:37:59,75,37,Female,30000,5,Yes,Blue,reddit
6/18/2019 20:39:04,999999,18,Male,,4,No,purple,reddit
6/18/2019 20:39:33,500,,Male,,,,Green,reddit
6/18/2019 20:43:26,10000,32,Female,57000,5,Yes,yellow,reddit
6/18/2019 20:47:40,125000,26,Female,25000,5,No,Green,reddit
6/18/2019 20:49:48,50000000,32,Female,75000,6,No,Green,reddit
6/18/2019 20:52:01,1500,29,Male,20000,8,No,Blue,reddit
6/18/2019 20:55:37,1E+15,25,Prefer not to say,80,10,No,No,reddit
6/18/2019 20:56:12,500,17,Male,240,8,No,Turquoise ,reddit
6/18/2019 20:57:20,1000000000000,25,Female,,7,No,Navy blue,reddit
6/18/2019 21:00:37,10000,20,Male,22000,7,No,Orange,reddit
6/18/2019 21:01:51,499999,19,Female,4800,10,No,Green,reddit
6/18/2019 21:02:07,420,17,Male,3000,7,No,Blue,reddit
6/18/2019 21:03:20,1E+15,22,Male,8000,4,No,Yellow. I did a high number to take one for the team.,reddit
6/18/2019 21:06:18,49999,28,Male,43000,6,Yes,Orange,reddit
6/18/2019 21:08:11,112,19,Male,,8,No,Blue,reddit
6/18/2019 21:09:18,1000000,57,Female,115000,3,Yes,Blue,reddit
6/18/2019 21:09:40,100000,18,Male,20000,5,No,Orange ,reddit
6/18/2019 21:11:39,450000,37,Female,150000,6,Yes,Plum,reddit
6/18/2019 21:12:27,1000000,37,Male,60000,7,No,Brown,reddit
6/18/2019 21:12:28,500000,16,Female,10000,8,No,Pink,reddit
6/18/2019 21:13:02,50000,23,Male,30000,6,No,Purple,reddit
6/18/2019 21:14:26,950000,25,Male,0,5,No,Chartreuse,reddit
6/18/2019 21:14:29,25000,26,Male,38000,6,No,Green,reddit
6/18/2019 21:14:54,1,29,Female,25000,8,No,Blue,reddit
6/18/2019 21:15:27,11000000,40,Male,40000,6,Yes,fuchsia,reddit
6/18/2019 21:20:56,1000,50,Male,,3,Yes,Turquoise,reddit
6/18/2019 21:21:58,500000,16,Female,0,6,No,Purple,reddit
6/18/2019 21:22:44,499998,31,Male,80000,6,No,blue,reddit
6/18/2019 21:22:46,20000,27,Male,32000,5,No,pink,reddit
6/18/2019 21:23:05,500000,16,Male,0,6,No,blue,reddit
6/18/2019 21:23:39,1000000,23,Male,65000,4,No,Yellow,reddit
6/18/2019 21:24:41,997000,28,Male,86000,6,No,peridot,reddit
6/18/2019 21:25:40,10000,35,Male,39000,5,Yes,Blue,reddit
6/18/2019 21:27:23,10000000,33,Female,70000,5,Yes,Orange,reddit
6/18/2019 21:27:36,10000000,26,Male,40000,7,No,Green,reddit
6/18/2019 21:29:26,494000,27,Male,34000,5,Yes,Blue,reddit
6/18/2019 21:29:51,250,19,Male,,6,No,Red,reddit
6/18/2019 21:30:19,13000000,27,Female,20000,9,No,Blue,reddit
6/18/2019 21:30:26,360,20,Female,0,3,No,Blue,reddit
6/18/2019 21:31:23,10000000,43,Female,70000,4,No,Mustard,reddit
6/18/2019 21:31:33,1000000,17,Female,,7,No,Black,reddit
6/18/2019 21:32:11,1000000,19,Male,80000,4,Yes,Yellow,reddit
6/18/2019 21:32:19,35000,21,Female,4500,5,No,Pink,reddit
6/18/2019 21:32:29,1E+246,18,Male,25000,4,No,Purple,reddit
6/18/2019 21:32:50,950000,21,Male,0,5,No,Green,reddit
6/18/2019 21:33:00,8900,22,Male,46000,5,No,Beige,reddit
6/18/2019 21:33:19,1000,25,Female,42000,7,No,Blue,reddit
6/18/2019 21:33:27,4500,25,Male,60000,7,No,Blue,reddit
6/18/2019 21:34:34,500,28,Male,50000,5,No,black,reddit
6/18/2019 21:35:25,95000,20,Male,20000,4,No,Orange,reddit
6/18/2019 21:35:27,100000,35,Male,95000,6,No,Cyan,reddit
6/18/2019 21:35:51,2949000,18,Female,30000,8,No,Blue,reddit
6/18/2019 21:35:52,250000,27,Female,37000,6,No,Blue,reddit
6/18/2019 21:38:22,5000,15,Male,0,6,No,Green,reddit
6/18/2019 21:38:40,60000,24,Male,60000,4,No,Green,reddit
6/18/2019 21:39:31,10000,16,Agender,0,5,No,Blue,reddit
6/18/2019 21:40:24,50000,24,Male,0,8,No,green,reddit
6/18/2019 21:40:39,27000,15,Male,0,6,No,yellow,reddit
6/18/2019 21:40:41,1000,25,Male,72000,3,No,green,reddit
6/18/2019 21:40:45,50,18,Male,0,4,No,Red,reddit
6/18/2019 21:40:52,2000,23,Male,15000,7,No,Red,reddit
6/18/2019 21:40:54,88.88,19,Male,10000,7,No,Red,reddit
6/18/2019 21:41:46,1000000,49,Female,200000,8,Yes,Grey,reddit
6/18/2019 21:43:04,1000000,27,Male,65000,5,No,green,reddit
6/18/2019 21:43:24,10000,23,Male,51000,7,No,Yellow,reddit
6/18/2019 21:43:37,5000,30,Male,50000,7,No,Red,reddit
6/18/2019 21:43:37,499999,,Male,30000,3,No,purple,reddit
6/18/2019 21:43:40,12000,28,Male,30000,4,No,Blue,reddit
6/18/2019 21:44:38,60,25,Male,66000,6,No,blue,reddit
6/18/2019 21:45:50,9999,23,Female,37000,3,No,Gray,reddit
6/18/2019 21:45:51,899999,51,Male,20000,3,No,Yellow,reddit
6/18/2019 21:46:03,500,17,Female,0,6,No,pink,reddit
6/18/2019 21:46:41,500,14,Male,0,5,No,Orange,reddit
6/18/2019 21:47:39,9999,19,Male,0,10,No,blue? lol,reddit
6/18/2019 21:48:21,20000,23,Male,300000,4,No,Red,reddit
6/18/2019 21:49:02,499,44,Male,300000,5,No,Cadmium yellow ,reddit
6/18/2019 21:49:12,15000,31,Male,10000,4,No,Blue,reddit
6/18/2019 21:50:00,5000000,19,Nonbinary,,5,No,Orange,reddit
6/18/2019 21:50:09,5000,42,Female,0,5,Yes,blue,reddit
6/18/2019 21:51:29,25000,25,Male,38000,3,No,Teal,reddit
6/18/2019 21:51:29,15000,27,Female,32000,5,No,Purple,reddit
6/18/2019 21:51:36,20000,25,Female,,5,No,Blue,reddit
6/18/2019 21:51:43,45000,16,Male,0,4,No,Green,reddit
6/18/2019 21:51:54,3000000,31,Male,150000,10,Yes,Orange,reddit
6/18/2019 21:52:23,1000,,,,,,,reddit
6/18/2019 21:52:27,15000,17,Male,3000,6,No,Red,reddit
6/18/2019 21:52:33,10000,24,Male,19000,5,No,Blue ,reddit
6/18/2019 21:52:37,250,,Male,52000,6,No,Brown,reddit
6/18/2019 21:53:10,40,21,Male,,6,No,red,reddit
6/18/2019 21:53:30,1250,25,Female,28000,4,No,Blue,reddit
6/18/2019 21:53:47,20000,21,Female,16000,6,No,Grey,reddit
6/18/2019 21:54:10,100000,28,Male,95,5,No,Blue,reddit
6/18/2019 21:54:13,75,19,Male,0,5,No,Blue,reddit
6/18/2019 21:54:31,500,18,Male,500,3,No,Orange,reddit
6/18/2019 21:54:32,50,15,Male,0,4,No,Red,reddit
6/18/2019 21:54:35,4206.9,15,Male,2500,5,No,Blue,reddit
6/18/2019 21:55:15,500000,31,Male,55000,7,No,Blue,reddit
6/18/2019 21:55:50,250000,,Female,80000,7,No,Purple,reddit
6/18/2019 21:56:01,10000,33,Female,66000,8,No,Blue,reddit
6/18/2019 21:56:08,19900,23,Male,10000,5,No,Grue,reddit
6/18/2019 21:56:21,20000,21,Male,0110111001101111,6,No,purple ,reddit
6/18/2019 21:56:27,200,18,Female,0,6,No,Green,reddit
6/18/2019 21:56:39,9999998,23,Male,215000,3,No,Black,reddit
6/18/2019 21:57:12,1000000,23,Male,60000,5,No,Scarlet,reddit
6/18/2019 21:58:15,7000,24,Male,,8,No,Cerulean,reddit
6/18/2019 21:58:51,1000000000,19,Male,4500,5,No,yellow,reddit
6/18/2019 21:59:11,10000000,17,Male,3000,8,No,Greg,reddit
6/18/2019 21:59:52,2000,18,Male,0,4,No,Purple ,reddit
6/18/2019 22:00:05,10000000,16,Male,,7,,orange,reddit
6/18/2019 22:00:15,100000,32,Female,70000,3,No,Indigo,reddit
6/18/2019 22:00:28,250,15,Female,0,8,No,Navy blue ,reddit
6/18/2019 22:00:29,2500,21,Female,10000,5,No,Gray,reddit
6/18/2019 22:00:51,100,,Male,70000,4,No,Blue,reddit
6/18/2019 22:01:05,999000,24,Male,0,2,No,Purple,reddit
6/18/2019 22:01:14,250000,38,Female,67000,7,No,red,reddit
6/18/2019 22:01:44,1000,20,Female,24000,6,No,Aquamarine,reddit
6/18/2019 22:02:02,100000,28,Female,30000,6,No,Teal,reddit
6/18/2019 22:02:11,1000000,28,Male,24000,4,No,Baby-shit Green,reddit
6/18/2019 22:02:11,45000,24,Male,0,3,No,Black,reddit
6/18/2019 22:02:25,500000,22,Male,60000,8,No,Cerulean,reddit
6/18/2019 22:02:32,10000000,18,Male,999999999999999999999,7,Yes,green,reddit
6/18/2019 22:03:16,1000,39,Female,65000,8,Yes,black,reddit
6/18/2019 22:04:07,200000,29,Female,50000,6,No,Maroon,reddit
6/18/2019 22:04:12,87000000,20,Male,,6,No,Blue,reddit
6/18/2019 22:04:23,999999,29,Male,,5,No,Red,reddit
6/18/2019 22:04:29,5E+17,32,Female,35000,4,No,green,reddit
6/18/2019 22:04:51,82500,15,Male,0,7,No,blue,reddit
6/18/2019 22:04:57,1000000,28,Female,0,6,No,Gray,reddit
6/18/2019 22:05:18,999999,19,Male,15000,4,Yes,Garnet,reddit
6/18/2019 22:05:35,10000,29,Female,0,5,No,Lavender,reddit
6/18/2019 22:05:47,990,18,Female,0,5,No,Purple,reddit
6/18/2019 22:05:55,497,20,Male,,4,No,Blue,reddit
6/18/2019 22:06:35,10000,14,Female,0,3,No,Yellow,reddit
6/18/2019 22:08:09,1000000000000,25,Male,30000,6,No,Red,reddit
6/18/2019 22:08:10,100000,24,Male,11000,7,No,Green,reddit
6/18/2019 22:08:44,150000,27,Male,40000,7,No,red,reddit
6/18/2019 22:08:58,2000,25,Male,71000,7,No,Blue,reddit
6/18/2019 22:08:59,99.99,20,Female,0,7,No,Cobalt,reddit
6/18/2019 22:09:24,10000,21,Female,,6,No,Blue,reddit
6/18/2019 22:12:57,150,16,Prefer not to say,,7,No,Purple,reddit
6/18/2019 22:13:08,1000000,22,Male,26000,5,No,Yellow,reddit
6/18/2019 22:13:46,999999999999,18,Female,0,5,No,Black,reddit
6/18/2019 22:14:11,3350000,21,Male,30000,6,No,Olive Drab,reddit
6/18/2019 22:15:17,5000,30,Male,70000,5,No,Navy blue,reddit
6/18/2019 22:15:18,463000000,23,Female,40000,7,No,Blue,reddit
6/18/2019 22:15:45,500,29,Female,54000,4,Yes,Black ,reddit
6/18/2019 22:16:07,50000,25,Female,16000,5,No,Blue,reddit
6/18/2019 22:16:25,5000,24,Female,25000,5,No,cerulean ,reddit
6/18/2019 22:16:33,450,22,Male,0,5,No,Red,reddit
6/18/2019 22:16:42,15000,23,Male,30000,3,No,Chartreuse,reddit
6/18/2019 22:17:14,499999,22,Male,10000,8,No,Green,reddit
6/18/2019 22:17:58,324000,17,Male,0,5,No,Turquoise ,reddit
6/18/2019 22:18:27,2000,18,Male,0,7,No,Blue,reddit
6/18/2019 22:18:30,50,20,Male,12000,7,No,Orange,reddit
6/18/2019 22:18:36,9999999999999,27,Female,65000,7,No,Purple,reddit
6/18/2019 22:19:07,2222222,18,Female,0,4,No,Light blue,reddit
6/18/2019 22:19:20,10000,20,Female,20000,8,No,Orange,reddit
6/18/2019 22:20:07,5000,29,Female,40000,5,No,Green ,reddit
6/18/2019 22:20:09,1000000,34,Male,55000,5,No,Blue,reddit
6/18/2019 22:20:10,30000,29,Female,30000,4,Yes,Purple,reddit
6/18/2019 22:20:37,80,26,Male,28000,6,No,purple,reddit
6/18/2019 22:20:43,80000,20,Male,25000,7,No,Black,reddit
6/18/2019 22:21:39,900,26,Male,35000,4,No,Blue,reddit
6/18/2019 22:22:55,100000000,24,Female,23000,7,No,Bitch,reddit
6/18/2019 22:23:13,250000,33,Female,125000,6,Yes,Orange,reddit
6/18/2019 22:24:18,10000000,19,Male,20000,5,No,Black,reddit
6/18/2019 22:24:20,1000000000,22,Male,25000,5,No,Yellow,reddit
6/18/2019 22:24:35,10000,29,Male,45000,5,No,Blue,reddit
6/18/2019 22:25:16,-12,14,Male,400,7,No,Red,reddit
6/18/2019 22:25:55,500000,25,Female,71000,7,No,Green,reddit
6/18/2019 22:26:51,78000,51,Male,100999,5,Yes,Maroon,reddit
6/18/2019 22:27:11,50000,25,Female,20000,6,No,Black,reddit
6/18/2019 22:27:35,2000000,18,Female,0,7,No,Purple,reddit
6/18/2019 22:28:48,250000,32,Female,125000,4,Yes,Red,reddit
6/18/2019 22:28:49,100000,40,Male,90000,7,Yes,Maroon,reddit
6/18/2019 22:30:14,10000,24,Female,47000,5,No,Purple,reddit
6/18/2019 22:30:30,450000,30,Female,125000,7,No,Turquiose ,reddit
6/18/2019 22:32:15,100000,31,Female,75000,3,Yes,Purple,reddit
6/18/2019 22:32:18,50000000,24,Male,80000,7,No,Blue,reddit
6/18/2019 22:32:55,999,32,Female,75000,4,Yes,Purple,reddit
6/18/2019 22:33:43,1000,17,Male,,3,No,Blue,reddit
6/18/2019 22:33:45,300,18,Female,5000,3,No,purple,reddit
6/18/2019 22:34:37,700000000000000,18,Female,1000,7,No,Blue,reddit
6/18/2019 22:34:50,999000000,25,Male,70000,4,No,Blue,reddit
6/18/2019 22:34:56,100000000000000000000000030000000003000000000000000000000000300000,25,Male,30000,7,No,Blue,reddit
6/18/2019 22:35:28,78009,22,Male,,7,No,Red,reddit
6/18/2019 22:35:36,50000000,25,Male,30000,5,No,Green,reddit
6/18/2019 22:35:40,850753,40,Male,105000,5,Yes,Purple,reddit
6/18/2019 22:36:38,100000000000,16,Female,,4,No,silver,reddit
6/18/2019 22:36:43,200,22,Female,,5,No,Purple,reddit
6/18/2019 22:38:10,750,28,Male,88000,6,No,blue,reddit
6/18/2019 22:38:44,2000,18,Female,0,4,No,yellow,reddit
6/18/2019 22:38:54,150000,51,Female,180000,3,No,Blue,reddit
6/18/2019 22:40:19,500000,33,Female,78000,5,Yes,Purple,reddit
6/18/2019 22:40:43,975000,19,Male,0,6,No,Black,reddit
6/18/2019 22:41:03,25000,26,Female,54000,6,No,Purple,reddit
6/18/2019 22:42:13,19,33,Male,133000,7,No,Chartreuse,reddit
6/18/2019 22:42:49,1000,26,Female,,5,No,Yellow,reddit
6/18/2019 22:43:04,950000,22,Male,42000,7,No,Turqoise,reddit
6/18/2019 22:44:18,800,17,Female,1000,7,No,yellow,reddit
6/18/2019 22:44:31,50000,35,Male,87000,6,Yes,Blue,reddit
6/18/2019 22:44:57,37000,35,Female,18000,4,No,Chartreuse,reddit
6/18/2019 22:45:16,25000000,42,Male,155000,8,Yes,Red,reddit
6/18/2019 22:46:51,100000000000,35,Female,40000,5,Yes,Blue,reddit
6/18/2019 22:47:25,499999,18,Female,,6,No,Blue,reddit
6/18/2019 22:47:35,1000000,27,Male,80000,5,No,seafoam,reddit
6/18/2019 22:47:37,2500000,36,Male,,5,Yes,Blue,reddit
6/18/2019 22:48:31,9999999,26,Male,0,4,No,Blue,reddit
6/18/2019 22:49:35,20,24,Female,4800,4,No,Grey,reddit
6/18/2019 22:49:50,499999,24,Female,35000,4,No,Pink,reddit
6/18/2019 22:49:50,1000000,29,Female,60000,7,Yes,Green,reddit
6/18/2019 22:49:56,50,27,Female,50000,6,No,Purple ,reddit
6/18/2019 22:50:01,49000,21,Male,100000,5,No,Purple,reddit
6/18/2019 22:50:41,100000000,24,Male,20000,5,No,Blue,reddit
6/18/2019 22:50:57,1000,31,Female,55000,5,Yes,Red,reddit
6/18/2019 22:52:03,200000,19,Male,0,7,No,,reddit
6/18/2019 22:52:34,5000000,21,Female,5000,5,No,mint green,reddit
6/18/2019 22:52:34,50,21,Female,32000,5,No,Blue,reddit
6/18/2019 22:53:01,1000000000,26,Female,24000,7,No,Purple,reddit
6/18/2019 22:54:32,1,,Prefer not to say,,6,No,Blue,reddit
6/18/2019 22:55:42,6999,,Male,60000,4,No,Orange ,reddit
6/18/2019 22:55:43,2000000000000,18,Male,30000,1,No,Purple,reddit
6/18/2019 22:55:54,5000,18,Male,0,5,No,purple ,reddit
6/18/2019 22:56:10,10000000,18,Male,4000,8,No,pink,reddit
6/18/2019 22:56:17,300,23,Male,77000,3,No,Pink,reddit
6/18/2019 22:57:01,42068,23,Female,11000,4,No,pink,reddit
6/18/2019 22:57:48,999,25,Male,160000,7,No,Green,reddit
6/18/2019 23:00:45,4444,,,,,Yes,Green,reddit
6/18/2019 23:01:37,80000,18,Female,,5,No,Yellow,reddit
6/18/2019 23:02:18,23000,27,Male,6000,8,No,Black,reddit
6/18/2019 23:02:39,500000,40,Female,100000,4,Yes,Turquoise ,reddit
6/18/2019 23:02:54,300,19,Female,7200,5,No,blue,reddit
6/18/2019 23:03:41,1000,17,Male,1500,6,No,Blue,reddit
6/18/2019 23:04:55,75,21,Female,0,5,No,Red,reddit
6/18/2019 23:06:51,21290.52,25,Male,84000,6,No,Black,reddit
6/18/2019 23:07:41,100000,17,Male,0,7,No,Blue,reddit
6/18/2019 23:07:44,2500000,,Female,25000,7,No,Yellow,reddit
6/18/2019 23:07:44,15000,27,Male,20000,6,No,Blue,reddit
6/18/2019 23:09:14,3000000,39,Male,65000,5,No,Blue,reddit
6/18/2019 23:10:01,99999,25,Male,40000,4,No,Orange,reddit
6/18/2019 23:10:09,7000,21,Male,8000,4,No,Blue,reddit
6/18/2019 23:13:20,19000000,51,Male,,8,No,Purple,reddit
6/18/2019 23:13:34,100,22,Female,0,3,No,baby blue,reddit
6/18/2019 23:13:40,700,16,Female,,5,No,green,reddit
6/18/2019 23:14:33,199000,33,Male,50000,3,No,yellow,reddit
6/18/2019 23:15:44,10000000000000,17,Male,0,7,No,Purple,reddit
6/18/2019 23:16:44,90000,25,Male,55000,7,No,Green ,reddit
6/18/2019 23:16:54,500000,32,Female,56000,8,Yes,Blue ,reddit
6/18/2019 23:17:18,5000000,18,Male,,5,,Fuschia,reddit
6/18/2019 23:18:13,400000,21,Female,6000,4,No,Green,reddit
6/18/2019 23:18:44,50,20,Female,5000,6,No,Blue,reddit
6/18/2019 23:20:48,4000000,23,Male,0,3,No,Purple,reddit
6/18/2019 23:21:01,80,18,Male,,3,Yes,Blue,reddit
6/18/2019 23:21:17,10000,17,Male,0,4,No,Blue,reddit
6/18/2019 23:21:25,75,16,Male,7000,4,No,Purple,reddit
6/18/2019 23:23:22,25000,25,Female,8000,6,No,Red,reddit
6/18/2019 23:23:36,100000,22,Male,70000,7,No,Blue,reddit
6/18/2019 23:25:19,999999,35,Female,50000,8,No,Black,reddit
6/18/2019 23:25:54,50000,28,Female,30000,7,No,purple,reddit
6/18/2019 23:27:19,20000,20,Female,20000,4,No,Orange ,reddit
6/18/2019 23:29:07,989,15,Male,0,5,No,Burgundy,reddit
6/18/2019 23:29:33,999998,22,Male,-10000,4,No,Grey,reddit
6/18/2019 23:30:56,500000,17,Male,6000,4,No,Blue,reddit
6/18/2019 23:31:06,50000,25,Female,15000,4,No,Blue,reddit
6/18/2019 23:31:10,30000000,,Female,70000,6,No,Green,reddit
6/18/2019 23:31:18,100,,Female,,3,No,Blue,reddit
6/18/2019 23:32:15,1000000,31,Female,45000,7,No,Green,reddit
6/18/2019 23:32:42,50,14,Female,0,6,Yes,Black,reddit
6/18/2019 23:32:55,3000000,20,Male,0,6,No,Green,reddit
6/18/2019 23:36:30,8000,25,Male,,6,No,Blue,reddit
6/18/2019 23:37:01,10000,36,Male,75000,4,No,Blue,reddit
6/18/2019 23:38:51,10000000,28,Male,30000,6,No,Magenta,reddit
6/18/2019 23:39:02,245,31,Female,98000,8,Yes,Pink,reddit
6/18/2019 23:40:00,50000,18,Male,0,5,No,purple ,reddit
6/18/2019 23:40:17,1000,18,Male,0,3,No,Purple,reddit
6/18/2019 23:40:29,19000,21,Male,4000,5,No,blue,reddit
6/18/2019 23:40:55,300000,42,Male,65000,4,Yes,Fuchsia,reddit
6/18/2019 23:42:31,5000,26,Female,0,10,No,Blue,reddit
6/18/2019 23:42:45,100000,23,Female,20000,8,No,Purple,reddit
6/18/2019 23:43:39,19999.98,21,Male,0,4,Yes,Grey,reddit
6/18/2019 23:43:43,200000,18,Male,0,8,No,Black,reddit
6/18/2019 23:47:37,10,25,Female,,4,No,green,reddit
6/18/2019 23:48:03,100000,21,Male,7500,4,No,Blue,reddit
6/18/2019 23:48:52,1000000,19,Female,,5,No,Purple,reddit
6/18/2019 23:49:47,1500,16,Male,42000,8,Yes,Chartreuse ,reddit
6/18/2019 23:49:54,1000,20,Female,10000,3,No,Yellow,reddit
6/18/2019 23:49:58,1000000,25,Male,30000,6,No,Blue,reddit
6/18/2019 23:51:20,2000000,15,Female,0,4,No,Blue,reddit
6/18/2019 23:51:21,45,,Prefer not to say,0,6,No,Black,reddit
6/18/2019 23:51:22,1000,21,Female,0,5,No,purple,reddit
6/18/2019 23:51:28,999999,34,Male,,,No,,reddit
6/18/2019 23:52:54,9992,,Male,28000,8,No,Black,reddit
6/18/2019 23:55:00,50000,40,Female,100000,5,No,Blue,reddit
6/18/2019 23:55:56,10000,16,Male,,3,No,Midnight blue ,reddit
6/18/2019 23:56:03,10000,25,Female,38000,4,No,Blue,reddit
6/18/2019 23:56:34,10000,19,Male,,3,No,Burgundy,reddit
6/18/2019 23:56:58,5000,21,Female,25000,3,No,yellow,reddit
6/18/2019 23:57:35,1000000,18,Female,,8,No,blue ,reddit
6/18/2019 23:58:12,4270000,24,Genderqueer,0,5,No,Cyan,reddit
6/18/2019 23:58:13,10000,30,Male,50000,4,No,Orange,reddit
6/18/2019 23:58:14,1000,21,Male,25000,6,No,Black,reddit
6/18/2019 23:58:47,100000,26,Male,72000,4,No,Yellow,reddit
6/18/2019 23:59:56,20000,23,nonbinary,5200,3,No,yellow,reddit
6/19/2019 0:00:31,499,20,Male,116000,2,No,Green,reddit
6/19/2019 0:00:55,9999,22,Male,,6,No,Blue,reddit
6/19/2019 0:02:18,98,22,Female,10000,6,No,Yellow,reddit
6/19/2019 0:03:49,120,24,Female,20000,4,No,Blue,reddit
6/19/2019 0:04:10,490000,23,Female,12400,5,Yes,Wallet,reddit
6/19/2019 0:04:14,999999.98,39,Male,200000,5,Yes,Silver,reddit
6/19/2019 0:05:28,39780,24,Male,26000,3,No,Blue,reddit
6/19/2019 0:05:35,100000,24,Male,,5,No,Blue,reddit
6/19/2019 0:07:33,500000,23,Female,7000,4,No,Purple,reddit
6/19/2019 0:09:01,10000,19,Male,600,5,No,Blue,reddit
6/19/2019 0:10:19,50000,34,Female,60000,6,Yes,Blue,reddit
6/19/2019 0:11:38,200,19,Female,15000,3,No,Pink ,reddit
6/19/2019 0:11:43,350000,19,Male,45000,5,No,Red,reddit
6/19/2019 0:12:47,2500000,24,Male,47000,5,No,Green,reddit
6/19/2019 0:13:33,18750,31,Female,90000,7,No,Blue,reddit
6/19/2019 0:13:58,100000,19,Female,6000,5,No,Blue,reddit
6/19/2019 0:14:22,500,30,Female,28000,4,No,Green,reddit
6/19/2019 0:15:13,5000,23,Female,,7,No,Blue,reddit
6/19/2019 0:16:30,0,15,Female,0,3,No,Green,reddit
6/19/2019 0:16:39,8678,51,Male,155000,4,Yes,Grey,reddit
6/19/2019 0:16:58,10,15,Male,240,7,No,Cyan,reddit
6/19/2019 0:18:54,23,44,Female,85000,6,Yes,red,reddit
6/19/2019 0:18:56,25,19,Male,13,7,No,Red,reddit
6/19/2019 0:19:35,100000000,25,Male,60000,7,No,Blue,reddit
6/19/2019 0:20:10,10000,15,Female,0,7,No,Pink,reddit
6/19/2019 0:20:27,100000,20,Female,,3,No,Magenta,reddit
6/19/2019 0:26:12,999,16,Male,,5,No,blue,reddit
6/19/2019 0:26:33,10000,18,Female,2000,6,No,pink,reddit
6/19/2019 0:27:02,100,16,Male,500,5,No,green,reddit
6/19/2019 0:29:03,999,23,Male,45000,6,No,Beige ,reddit
6/19/2019 0:29:30,30000,27,Male,0,7,No,Green,reddit
6/19/2019 0:30:09,1000,22,Male,0,4,No,Blue,reddit
6/19/2019 0:30:44,200000,22,Female,0,8,No,Black,reddit
6/19/2019 0:30:56,5000,16,Female,,4,No,Blue,reddit
6/19/2019 0:31:11,500000,22,Female,20000,4,No,Purple ,reddit
6/19/2019 0:31:59,1000000,30,Female,20000,4,No,Black,reddit
6/19/2019 0:32:10,6500,22,Female,50000,5,No,Blue,reddit
6/19/2019 0:32:43,5000,31,Male,40000,3,No,Green,reddit
6/19/2019 0:33:15,1E+49,21,Male,,4,No,Fuck you,reddit
6/19/2019 0:35:02,99,33,Male,50000,6,No,Teal,reddit
6/19/2019 0:35:37,1000,23,Male,50000,8,No,Red,reddit
6/19/2019 0:35:38,10000,31,Female,60000,8,No,Magenta,reddit
6/19/2019 0:37:05,1000000000,36,Male,,5,Yes,Emerald green,reddit
6/19/2019 0:37:31,30000,23,Male,120000,5,No,White,reddit
6/19/2019 0:38:40,100,26,Male,0,8,No,Pink,reddit
6/19/2019 0:39:09,999999999,22,Male,0,3,No,Sunset Orange,reddit
6/19/2019 0:40:33,250000,34,Female,34000,7,Yes,Purple,reddit
6/19/2019 0:41:41,312,30,Female,80000,5,No,Purple,reddit
6/19/2019 0:41:53,100000000,26,Female,60000,5,No,Yellow,reddit
6/19/2019 0:42:08,10000,20,Male,0,5,No,Silver,reddit
6/19/2019 0:44:16,5000000,22,Male,70000,7,No,Green,reddit
6/19/2019 0:44:24,20000,29,Male,190000,4,No,"Blue... wait, no, yelloooooowwwwwwww",reddit
6/19/2019 0:45:23,2000,20,Female,5000,5,No,Red,reddit
6/19/2019 0:48:35,2500,16,Female,,4,No,blue,reddit
6/19/2019 0:49:17,24000000,31,Female,12000,6,No,eggplant,reddit
6/19/2019 0:49:20,999998,28,Female,15000,7,No,Yellow,reddit
6/19/2019 0:49:47,10000,17,Female,,4,No,Pink,reddit
6/19/2019 0:52:48,1000,16,Female,600,6,No,Periwinkle ,reddit
6/19/2019 0:53:05,60,22,Male,5000,6,No,Green,reddit
6/19/2019 0:54:14,500000,27,Male,120000,7,Yes,Cerulean,reddit
6/19/2019 0:55:50,50,24,Female,70000,6,No,Black,reddit
6/19/2019 0:56:02,1000,20,Male,0,6,No,Yellow,reddit
6/19/2019 1:03:10,999999,19,Male,20000,4,No,Green,reddit
6/19/2019 1:04:12,9950,24,Male,25000,6,Yes,Blue,reddit
6/19/2019 1:04:15,150000000,43,Female,15000,6,Yes,orange,reddit
6/19/2019 1:05:51,10000,22,Male,10000,7,No,Blue,reddit
6/19/2019 1:06:29,5000000,19,Male,10000,6,No,yellow,reddit
6/19/2019 1:08:24,1000000,18,Male,0,6,Yes,Blue,reddit
6/19/2019 1:09:08,100000,,Male,-12000,7,No,Green,reddit
6/19/2019 1:09:26,50000,23,Male,7000,7,No,Blue,reddit
6/19/2019 1:10:06,19,31,Male,50000,8,No,red,reddit
6/19/2019 1:12:25,250000,34,Male,110000,6,Yes,Orange,reddit
6/19/2019 1:13:42,50000,32,Female,80000,5,Yes,Green,reddit
6/19/2019 1:16:19,50000,30,Male,41000,8,Yes,Chartreuse ,reddit
6/19/2019 1:19:20,5000,28,Male,40000,4,Yes,Yellow,reddit
6/19/2019 1:21:08,500,17,Male,720,6,No,Blue,reddit
6/19/2019 1:22:13,999,35,Male,175000,4,Yes,Phil,reddit
6/19/2019 1:23:31,5000,19,Male,2500,6,No,Purple ,reddit
6/19/2019 1:23:59,900000,27,Male,150000,6,No,Blue,reddit
6/19/2019 1:25:37,10000000,,Toaster,0,8,Yes,Negro,reddit
6/19/2019 1:26:52,980000,22,Male,,6,No,Blue,reddit
6/19/2019 1:27:01,499000,,Male,100000,7,Yes,Orange,reddit
6/19/2019 1:27:56,5000,20,Male,60000,4,No,Orange,reddit
6/19/2019 1:29:43,270000,28,Female,105000,5,No,Purple,reddit
6/19/2019 1:31:16,10000,18,Female,0,5,No,Orange ,reddit
6/19/2019 1:34:45,2000,18,Female,,6,No,Red,reddit
6/19/2019 1:35:59,999999999,23,Male,0,8,No,scarlett ,reddit
6/19/2019 1:36:04,276000,25,Male,24000,6,No,Blue,reddit
6/19/2019 1:36:50,20000,22,Male,30000,7,No,blue,reddit
6/19/2019 1:37:02,10000,32,Female,31000,3,No,Green,reddit
6/19/2019 1:39:43,50000,19,Male,,8,No,Orange,reddit
6/19/2019 1:40:14,100000,14,Male,0,5,No,Green,reddit
6/19/2019 1:40:33,950000,28,Male,35000,4,Yes,Blue,reddit
6/19/2019 1:40:47,100000,32,Male,125000,7,No,Pink,reddit
6/19/2019 1:42:31,10000,25,Male,15000,4,No,Ultraviolet,reddit
6/19/2019 1:42:42,100000,21,Male,,,,Shit Brown,reddit
6/19/2019 1:43:24,1000000,18,Male,50000,6,No,Black,reddit
6/19/2019 1:46:20,47.47,17,Male,,7,No,"I hereby name the color of three-day-old jasmine rice ""Blanutian."" (bluh-NOO-shen)",reddit
6/19/2019 1:47:48,900,25,Female,,5,No,Blue,reddit
6/19/2019 1:47:52,100,19,Female,0,3,No,Orange,reddit
6/19/2019 1:48:07,1000000000000,16,Male,,7,No,Beige,reddit
6/19/2019 1:48:52,20,42,Female,15000,3,No,purple,reddit
6/19/2019 1:49:21,50,18,Male,0,6,No,Blue,reddit
6/19/2019 1:50:08,750000,22,Female,0,9,No,African violet ,reddit
6/19/2019 1:50:14,999000,26,Female,145000,8,No,Orange,reddit
6/19/2019 1:53:20,12300,28,Male,140000,5,No,Green,reddit
6/19/2019 1:53:56,5000,19,Male,0,4,No,Blue,reddit
6/19/2019 1:54:21,1000000000,22,Female,30000,6,No,Purple!,reddit
6/19/2019 1:55:17,450,17,Male,0,6,No,Red,reddit
6/19/2019 1:55:41,999,20,Nonbinary,10000,3,No,Blue,reddit
6/19/2019 1:58:45,1000,19,Female,0,6,No,Green,reddit
6/19/2019 1:58:48,10000,28,Female,54000,4,No,Orange,reddit
6/19/2019 1:59:28,500000,19,Male,0,7,No,Orange,reddit
6/19/2019 2:01:45,2719,25,Female,18,4,No,Lilac,reddit
6/19/2019 2:01:52,50000,18,Female,0,6,No,Violet ,reddit
6/19/2019 2:03:40,999999,22,Female,75000,6,No,Red,reddit
6/19/2019 2:07:48,1000,35,Male,0,5,No,orange,reddit
6/19/2019 2:08:49,999,31,Male,20000,4,No,Purple,reddit
6/19/2019 2:09:37,99999,17,Male,0,7,No,Lilac ,reddit
6/19/2019 2:12:00,1000,23,Female,41000,6,No,Blue,reddit
6/19/2019 2:12:28,500,19,Male,0,5,No,Green,reddit
6/19/2019 2:13:47,987654,23,Male,,5,No,,reddit
6/19/2019 2:15:17,7500,19,Male,16000,6,No,Red,reddit
6/19/2019 2:15:44,99998,37,Male,90000,4,Yes,Green,reddit
6/19/2019 2:16:09,12.5,17,Male,,6,No,Brown,reddit
6/19/2019 2:17:40,1000000,,Male,50000,7,No,Purple,reddit
6/19/2019 2:18:01,1E+22,17,Male,1200,4,No,Green,reddit
6/19/2019 2:18:01,490000,28,Male,20000,6,No,Indigo,reddit
6/19/2019 2:19:09,5000,18,Female,,4,No,Black ,reddit
6/19/2019 2:19:20,75000,27,Male,23000,4,No,Brown,reddit
6/19/2019 2:20:25,9989,20,Male,3000,6,No,Red,reddit
6/19/2019 2:22:43,10000000,25,Female,0,7,No,red,reddit
6/19/2019 2:26:46,0,,Female,3000,7,Yes,green,reddit
6/19/2019 2:27:29,95000,28,Female,60000,4,No,Brown,reddit
6/19/2019 2:28:54,99999,18,Male,1200,6,No,Black,reddit
6/19/2019 2:32:04,250,18,Male,10000,6,No,Cyan,reddit
6/19/2019 2:32:57,6000000,31,Male,30000,7,No,Aquamarine,reddit
6/19/2019 2:37:33,999,20,Male,,3,,White,reddit
6/19/2019 2:39:43,3000,21,Male,0,6,No,Blue,reddit
6/19/2019 2:42:19,1000000000000,24,Male,190000,5,No,Orange,reddit
6/19/2019 2:42:29,500000,17,Female,0,6,No,Black,reddit
6/19/2019 2:43:29,20000,17,Female,0,8,No,blue,reddit
6/19/2019 2:46:13,125000,21,Male,10000,4,No,Orange,reddit
6/19/2019 2:48:42,500000,22,Male,20000,7,No,blue,reddit
6/19/2019 2:48:54,500,25,Female,40000,10,Yes,Purple,reddit
6/19/2019 2:50:20,999999,,Female,4000,8,No,Black,reddit
6/19/2019 2:50:36,980000,23,Male,,8,No,pink,reddit
6/19/2019 2:52:16,3000,29,Male,24000,5,No,Magenta,reddit
6/19/2019 2:53:12,200000,,Male,50000,8,No,blue,reddit
6/19/2019 2:53:59,1000,17,Male,0,6,No,Blue,reddit
6/19/2019 2:55:42,10000000,22,Male,80087,3,No,Black,reddit
6/19/2019 2:57:21,10000,22,Male,17000,4,No,Wenge,reddit
6/19/2019 2:57:26,20000,21,Male,50000,6,No,Blue,reddit
6/19/2019 3:00:26,0.01,612,Male,4,10,Yes,gold bitch,reddit
6/19/2019 3:01:07,24,19,Male,,4,No,orange,reddit
6/19/2019 3:03:01,100000,50,Female,25000,5,No,yellow,reddit
6/19/2019 3:06:21,500,25,Male,36000,3,No,Red,reddit
6/19/2019 3:09:26,200000,19,Male,,4,No,Blue,reddit
6/19/2019 3:09:38,2000,15,Male,600,7,No,Green,reddit
6/19/2019 3:09:44,1000000,23,eh,0,6,No,green,reddit
6/19/2019 3:12:05,20000,18,Female,,,No,red,reddit
6/19/2019 3:13:04,500000,24,Male,0,7,No,Green,reddit
6/19/2019 3:13:49,4000,17,Male,3000,6,No,Indigo,reddit
6/19/2019 3:16:05,999999,17,Male,0,10,No,Red.,reddit
6/19/2019 3:18:33,999999,52,Female,20000,4,No,cranberry,reddit
6/19/2019 3:18:35,9998,15,Male,240,7,Yes,Black,reddit
6/19/2019 3:19:01,20,23,Male,0,6,No,Square,reddit
6/19/2019 3:19:04,100000,18,Female,0,4,No,Grey,reddit
6/19/2019 3:20:38,450000,20,Female,3000,4,No,Purple,reddit
6/19/2019 3:21:23,25900,34,Male,90000,5,No,Green,reddit
6/19/2019 3:22:17,25000,35,Male,22000,7,Yes,Blue,reddit
6/19/2019 3:24:02,1000000,22,Female,0,6,No,Blue,reddit
6/19/2019 3:25:10,1000000,,Female,100000,6,No,Brown,reddit
6/19/2019 3:30:37,10000,44,Male,140000,5,Yes,Purple,reddit
6/19/2019 3:30:46,999999,31,Male,50000,7,No,magenta,reddit
6/19/2019 3:31:21,100,16,Male,500,4,No,Olive green,reddit
6/19/2019 3:31:38,999998,,Male,20000,3,No,Blue,reddit
6/19/2019 3:33:37,1000000,44,Male,55,6,No,Green,reddit
6/19/2019 3:36:22,300,22,Non binary ,19000,6,No,Yellow,reddit
6/19/2019 3:38:13,5000,34,Male,10000,6,No,blue,reddit
6/19/2019 3:39:17,1200,14,Male,200,4,No,Fuschia,reddit
6/19/2019 3:39:32,100,24,Female,45000,4,No,Blue,reddit
6/19/2019 3:40:18,2000,22,Female,12000,5,No,Purple,reddit
6/19/2019 3:40:28,999999,29,Female,30000,5,Yes,Orange,reddit
6/19/2019 3:41:16,1000000,54,Male,70000,5,Yes,Violet,reddit
6/19/2019 3:43:16,100000000,19,Male,40000,4,No,Purple,reddit
6/19/2019 3:46:43,1000000,17,Male,500,6,No,Black,reddit
6/19/2019 3:50:35,10000,35,Male,15000,8,No,Green,reddit
6/19/2019 3:52:18,100000,25,Male,10000,4,No,Pink,reddit
6/19/2019 3:55:01,12577.5,19,Female,0,7,No,Vermillion,reddit
6/19/2019 3:58:00,8000,17,Female,0,5,No,purple,reddit
6/19/2019 3:58:31,7500,21,Male,30000,4,No,Blue,reddit
6/19/2019 4:02:16,50000,19,Male,0,7,No,Blue,reddit
6/19/2019 4:02:31,2500,21,Male,30000,6,No,Yellow,reddit
6/19/2019 4:02:35,1000,18,Male,0,3,No,Green,reddit
6/19/2019 4:03:21,999999,36,Female,53000,3,Yes,Blue,reddit
6/19/2019 4:06:28,73,16,Male,0,8,No,Green,reddit
6/19/2019 4:06:52,3000,22,Female,25000,6,No,Pink,reddit
6/19/2019 4:14:40,200000,25,Male,40000,3,No,Orange,reddit
6/19/2019 4:15:02,250000,52,Male,30000,4,Yes,blue,reddit
6/19/2019 4:15:49,250000,17,Male,0,7,No,red,reddit
6/19/2019 4:16:00,800000,23,Male,0,3,No,red,reddit
6/19/2019 4:16:21,200,27,Female,30000,4,No,Green,reddit
6/19/2019 4:16:43,90000,30,Male,39000,5,No,Blue,reddit
6/19/2019 4:17:09,250,37,Female,43000,8,No,Purple,reddit
6/19/2019 4:23:52,10000,30,Female,73000,8,No,Black,reddit
6/19/2019 4:25:09,32000,31,Male,41000,4,No,Blue,reddit
6/19/2019 4:25:47,2000000,17,Male,0,7,No,Green,reddit
6/19/2019 4:26:03,1000000,23,Female,10000,7,No,Blue,reddit
6/19/2019 4:27:21,100,30,Female,,5,No,blue,reddit
6/19/2019 4:28:07,1,21,Male,8008,5,No,Orange,reddit
6/19/2019 4:28:11,999,18,Male,2000,6,No,Maroon,reddit
6/19/2019 4:29:08,12000,,Male,30000,4,Yes,Olive,reddit
6/19/2019 4:29:56,150,18,Male,0,5,No,Blue,reddit
6/19/2019 4:34:32,1000000000,22,Male,42000,4,No,Blue,reddit
6/19/2019 4:35:05,500000,18,Male,2500,4,No,Blarck,reddit
6/19/2019 4:35:39,900000,27,Male,60000,4,No,Blue,reddit
6/19/2019 4:36:41,5000,15,Male,0,4,No,Blue,reddit
6/19/2019 4:41:08,34000,21,Male,42000,4,No,Blue,reddit
6/19/2019 4:44:12,90000,29,Female,50000,6,Yes,Blue,reddit
6/19/2019 4:47:23,9999,19,Female,0,5,No,Orange,reddit
6/19/2019 4:52:46,5000000,22,Male,15000,7,No,Blue,reddit
6/19/2019 4:54:06,1000,21,Female,5000,7,No,Yellow,reddit
6/19/2019 4:54:41,50000,19,Male,30000,7,No,Green,reddit
6/19/2019 4:55:35,999000,21,Female,0,5,No,Green,reddit
6/19/2019 4:56:55,894,16,Male,0,7,No,green,reddit
6/19/2019 4:58:00,100000000,15,Male,0,6,No,Red,reddit
6/19/2019 4:58:40,5000000,,Male,60000,4,No,Brown,reddit
6/19/2019 4:59:03,30000,14,Female,,7,No,pink,reddit
6/19/2019 4:59:23,3000000,24,nb,8000,4,No,purple,reddit
6/19/2019 5:00:11,5000,33,Female,,3,No,Emerald green,reddit
6/19/2019 5:00:35,800,22,Male,1000,7,No,red,reddit
6/19/2019 5:03:42,1000000000,28,Male,160000,5,Yes,Purple,reddit
6/19/2019 5:05:02,10000,,Female,50000,6,No,Black ,reddit
6/19/2019 5:07:44,1000000,20,Female,0,3,No,Red,reddit
6/19/2019 5:08:41,500,31,Male,20000,3,No,green,reddit
6/19/2019 5:08:51,10000,18,Male,40000,5,Yes,Black,reddit
6/19/2019 5:10:39,500,25,Female,45000,6,No,Blue ,reddit
6/19/2019 5:11:20,100000,,Female,35000,7,Yes,Blue,reddit
6/19/2019 5:12:05,10000,25,Female,12000,3,No,purple,reddit
6/19/2019 5:13:34,999999999,16,Female,0,8,No,Blue ,reddit
6/19/2019 5:17:49,10000,24,Male,25000,6,No,Green,reddit
6/19/2019 5:18:42,200,22,Male,,7,No,Octarine,reddit
6/19/2019 5:20:55,99,27,Male,18000,3,No,black,reddit
6/19/2019 5:21:20,546853,19,Female,12000,5,No,Purple,reddit
6/19/2019 5:21:21,50000,21,Female,45000,5,No,Purple,reddit
6/19/2019 5:25:06,499999,28,Female,,5,No,purple,reddit
6/19/2019 5:25:55,10000,24,Female,10000,7,No,blue,reddit
6/19/2019 5:26:17,299,18,Male,25000,9,No,Red,reddit
6/19/2019 5:28:28,50,28,Female,36,7,Yes,Blue,reddit
6/19/2019 5:30:16,100000,56,Female,0,3,No,Blue,reddit
6/19/2019 5:32:49,1000000,19,Female,0,3,Yes,Pink,reddit
6/19/2019 5:33:59,100000,14,Female,,7,No,Silver,reddit
6/19/2019 5:34:57,19900,27,Male,25000,3,No,Blue,reddit
6/19/2019 5:35:01,40000,46,Male,40000,8,No,navy blue,reddit
6/19/2019 5:35:12,155000,23,Male,0,5,No,Macaroni and cheese,reddit
6/19/2019 5:36:40,10000,,Male,,,,,reddit
6/19/2019 5:39:38,1000000000,33,Female,50000,6,Yes,Royal blue,reddit
6/19/2019 5:39:56,1000000000,23,Male,50000,6,No,Green,reddit
6/19/2019 5:40:52,50000,26,Female,70000,7,Yes,Purple,reddit
6/19/2019 5:42:18,50000,58,Male,88000,5,No,white,reddit
6/19/2019 5:42:36,19500,27,Male,0,3,No,blue,reddit
6/19/2019 5:42:51,10000,16,Nonbinary,1872,5,No,Orange,reddit
6/19/2019 5:43:28,100000,18,Male,0,4,No,Green,reddit
6/19/2019 5:44:08,1000000000000,23,Male,24,3,No,I'll call him Josh,reddit
6/19/2019 5:44:30,15000,,,,,,Green,reddit
6/19/2019 5:46:10,20000,,Female,75000,3,No,Black,reddit
6/19/2019 5:47:36,99999,31,Male,30000,5,Yes,Violet,reddit
6/19/2019 5:48:09,1000,22,Male,20000,6,Yes,Blue,reddit
6/19/2019 5:48:26,422,28,Male,0,8,No,cerise,reddit
6/19/2019 5:49:08,1000000,22,Male,,10,No,Red,reddit
6/19/2019 5:50:48,1000000,19,Male,0,6,No,Green (color of survey),reddit
6/19/2019 5:52:29,1000000,29,Male,120000,5,Yes,Blue,reddit
6/19/2019 5:54:35,9000,35,Male,70000,6,Yes,blue,reddit
6/19/2019 5:55:06,10000,17,Male,0,8,No,red,reddit
6/19/2019 5:55:31,50000,,Male,70000,4,No,Blue,reddit
6/19/2019 5:55:44,20000,16,Male,1500,10,No,Crimson,reddit
6/19/2019 5:57:02,10000000000,20,Female,12000,3,No,black,reddit
6/19/2019 5:57:40,10000000000,15,Male,0,8,No,green,reddit
6/19/2019 5:59:04,900000000,17,Female,500,5,No,green,reddit
6/19/2019 5:59:38,854,,,,,,,reddit
6/19/2019 6:00:00,200000,31,Female,62000,6,No,Purple,reddit
6/19/2019 6:01:00,20000,23,Male,20000,3,No,blue,reddit
6/19/2019 6:01:07,500000,,Male,30000,4,No,blue,reddit
6/19/2019 6:01:46,994.11,17,Female,16000,7,No,Cyan,reddit
6/19/2019 6:02:59,250,26,Female,0,5,No,Pink,reddit
6/19/2019 6:05:20,14000000,19,Male,0,5,No,Green,reddit
6/19/2019 6:05:53,3824950,36,Male,295000,7,Yes,George,reddit
6/19/2019 6:07:38,1000,28,Female,40000,5,Yes,Red,reddit
6/19/2019 6:08:04,999999,19,Male,0,6,No,Blue,reddit
6/19/2019 6:08:15,101,25,Male,10,4,No,Purple ,reddit
6/19/2019 6:10:04,120,41,Male,65000,6,Yes,yellow,reddit
6/19/2019 6:12:17,2999,25,Male,27000,10,No,purple,reddit
6/19/2019 6:15:58,10000,24,Male,47000,6,No,Orange,reddit
6/19/2019 6:17:00,243000,27,Male,20000,6,No,Green,reddit
6/19/2019 6:17:33,99999,21,Female,9000,7,No,Blue,reddit
6/19/2019 6:17:37,5000,24,Male,75000,7,Yes,purple,reddit
6/19/2019 6:18:20,94,17,Male,,3,No,Purple,reddit
6/19/2019 6:18:28,0.01,26,Female,0,5,No,Blue,reddit
6/19/2019 6:19:40,8754732,32,Male,100000,6,No,indigo,reddit
6/19/2019 6:19:58,65000,28,Male,10000000000000,6,Yes,blue,reddit
6/19/2019 6:20:15,9999,26,,,3,No,Purple,reddit
6/19/2019 6:20:22,2312,24,Prefer not to say,,5,No,Red,reddit
6/19/2019 6:23:26,60,16,Male,0,4,No,Blue ,reddit
6/19/2019 6:24:54,50000000,14,Female,80000,5,No,Red,reddit
6/19/2019 6:27:26,250000,25,Male,35000,3,No,Blue,reddit
6/19/2019 6:27:31,1500,18,Female,10000,5,No,Blue,reddit
6/19/2019 6:27:59,15000,21,Male,40000,5,No,Purple,reddit
6/19/2019 6:28:23,10000,17,Male,1500,7,No,Red,reddit
6/19/2019 6:30:48,1000000000,21,Female,0,4,No,Magenta,reddit
6/19/2019 6:31:18,4595,,Male,120000,4,Yes,Magenta,reddit
6/19/2019 6:34:16,200,19,Female,8000,4,No,Yellow,reddit
6/19/2019 6:36:46,250000,24,Female,30000,7,No,yellow,reddit
6/19/2019 6:36:49,10000,26,Male,28000,6,No,Red,reddit
6/19/2019 6:37:56,500,30,Male,,5,",,",,reddit
6/19/2019 6:38:59,200,16,Female,0,7,No,Purple,reddit
6/19/2019 6:40:42,7000,22,Male,37000,5,No,Blue,reddit
6/19/2019 6:41:09,999999999,16,Male,,5,,White,reddit
6/19/2019 6:41:27,1000000000,29,Male,50000,5,Yes,Blue ,reddit
6/19/2019 6:43:47,999.81,31,Male,,,No,,reddit
6/19/2019 6:44:31,250000,23,Male,60000,7,No,yellow ,reddit
6/19/2019 6:45:50,49999999,32,Female,80000,6,Yes,Blue,reddit
6/19/2019 6:46:29,10000,20,Male,0,4,No,Purple,reddit
6/19/2019 6:46:58,200,20,Female,8000,3,No,yellow,reddit
6/19/2019 6:49:58,999999,28,Male,40000,8,No,Fuchsia ,reddit
6/19/2019 6:50:04,10000,34,Female,,6,Yes,Pink,reddit
6/19/2019 6:51:03,200000,36,Female,35000,4,No,Cerulean,reddit
6/19/2019 6:51:34,49990,35,Male,7500,3,No,Green,reddit
6/19/2019 6:54:31,1000000000000,31,Male,85000,1,Yes,Blue,reddit
6/19/2019 6:55:06,999999,25,Female,32000,4,No,Blue,reddit
6/19/2019 6:55:12,100,17,Male,0,8,No,Cerulean blue,reddit
6/19/2019 6:56:06,1000000,16,Male,7000,8,No,Green,reddit
6/19/2019 6:57:14,1000,23,Female,110000,4,No,Purple,reddit
6/19/2019 6:57:24,10000,18,Male,0,6,No,Red,reddit
6/19/2019 6:57:45,20000,16,Male,0,5,No,Orange,reddit
6/19/2019 6:59:25,5000,26,Male,35000,5,No,red,reddit
6/19/2019 7:00:35,25,23,Male,18000,4,No,Orange,reddit
6/19/2019 7:01:00,99999999,21,Male,0,7,No,orange,reddit
6/19/2019 7:02:43,70000,22,Male,,3,No,Green,reddit
6/19/2019 7:03:07,1000000,24,Female,23000,6,No,green,reddit
6/19/2019 7:04:10,1000,47,Male,40000,3,No,blue,reddit
6/19/2019 7:05:56,1000000,19,Male,0,4,No,Blue,reddit
6/19/2019 7:07:00,499,20,Male,5000,6,Yes,Pink,reddit
6/19/2019 7:08:27,9000000,22,Male,67000,5,No,Red,reddit
6/19/2019 7:14:21,100000,18,Male,7000,7,No,Magenta,reddit
6/19/2019 7:16:56,999999999999999999999999999999999999999999999999999999999999999999999999999999999999999999999999999999999999999999999999999999999999999999999999999999999999999999999999999999999999999999999999999,23,Male,20000,8,No,gold,reddit
6/19/2019 7:16:58,1E+27,30,Male,40000,4,No,mauve,reddit
6/19/2019 7:17:01,2500,20,Male,10000,3,No,blue,reddit
6/19/2019 7:18:09,750000,19,Female,6000,5,No,violet,reddit
6/19/2019 7:20:21,899000,32,Male,80000,4,Yes,Orange,reddit
6/19/2019 7:20:35,999999,41,Female,200000,5,Yes,Pink,reddit
6/19/2019 7:21:17,53,24,Female,14000,3,No,Black,reddit
6/19/2019 7:21:35,60000,21,Male,45000,4,Yes,Blue,reddit
6/19/2019 7:22:03,500000,19,Male,2000,6,No,mint,reddit
6/19/2019 7:25:15,100,19,Male,,6,No,Green,reddit
6/19/2019 7:25:21,100000000,22,Male,90000,7,No,Red,reddit
6/19/2019 7:26:22,5000,24,Female,24000,8,No,blue,reddit
6/19/2019 7:28:03,90,16,Male,8000,6,Yes,Blue,reddit
6/19/2019 7:31:10,1000,20,Fluidflux,0,4,No,Forest green,reddit
6/19/2019 7:31:34,148999,40,Male,100000,5,Yes,Green,reddit
6/19/2019 7:32:34,10000,30,Female,40000,7,Yes,Grey,reddit
6/19/2019 7:33:03,1000000,20,Male,12000,3,No,Green,reddit
6/19/2019 7:33:20,5000,26,Female,33000,5,No,Green,reddit
6/19/2019 7:33:31,645000,25,Male,35000,4,No,"Aqua marine was making 35k going to make 90k at the end of year, EMT to rn",reddit
6/19/2019 7:34:39,100000,20,Male,5000,4,No,Light Green Blue,reddit
6/19/2019 7:38:32,3499,24,Female,,,,,reddit
6/19/2019 7:38:57,999999999999,25,Male,60000,4,No,SpongeBob yellow,reddit
6/19/2019 7:39:15,500000,22,Male,66000,4,No,Blue,reddit
6/19/2019 7:39:52,100000000000,23,Male,10000,4,No,Blue,reddit
6/19/2019 7:40:00,500,27,Male,50000,7,Yes,Black,reddit
6/19/2019 7:40:57,500000,17,Male,,7,No,Orange,reddit
6/19/2019 7:43:29,7000,21,Female,0,9,No,Purple,reddit
6/19/2019 7:48:33,999999,,Male,36000,7,No,Blue,reddit
6/19/2019 7:49:53,180000000,,,,,,,reddit
6/19/2019 7:51:00,1000000,24,Male,50000,7,Yes,Yellow,reddit
6/19/2019 7:53:00,1000,21,Female,8000,6,No,Green,reddit
6/19/2019 7:53:45,200,30,Female,30000,7,No,Pink,reddit
6/19/2019 7:54:41,100,13,Male,0,7,No,Green,reddit
6/19/2019 7:55:09,15000,38,Female,40000,5,Yes,Pea green,reddit
6/19/2019 7:55:15,25000,23,Male,15000,6,No,Red,reddit
6/19/2019 7:57:11,10000,27,Female,12000,6,No,red,reddit
6/19/2019 7:59:31,500,17,Male,0,7,No,blue,reddit
6/19/2019 8:03:36,50000,22,Male,8000,7,No,Black,reddit
6/19/2019 8:05:51,650,20,Male,0,8,No,Purple,reddit
6/19/2019 8:06:57,500000,21,Female,40000,7,No,Blue,reddit
6/19/2019 8:07:38,999999.99,34,Male,75000,4,Yes,Blue,reddit
6/19/2019 8:08:37,100,24,Male,,4,No,White,reddit
6/19/2019 8:08:53,40000,19,Male,8000,4,No,Brown ,reddit
6/19/2019 8:10:12,400000,27,Male,65000,6,No,mauve,reddit
6/19/2019 8:12:41,10000,21,Female,,6,No,pink,reddit
6/19/2019 8:13:04,1000000,999,joey,10,1,No,lexus,reddit
6/19/2019 8:13:55,200000,18,Female,2500,6,No,Blue,reddit
6/19/2019 8:14:51,10000,23,Male,72000,8,No,Blue,reddit
6/19/2019 8:16:00,1000000,33,Female,40000,4,No,pink,reddit
6/19/2019 8:16:37,150000,29,Attack Helicopter ,50000,5,No,Purple,reddit
6/19/2019 8:17:56,500,17,Male,1000,7,No,Purple,reddit
6/19/2019 8:18:05,100000,24,Male,70000,6,No,white,reddit
6/19/2019 8:18:46,1000,25,Female,10000,6,No,Blue,reddit
6/19/2019 8:20:03,600,13,Female,864,4,No,yellow,reddit
6/19/2019 8:20:51,1000000000,55,Female,0,8,Yes,Purple,reddit
6/19/2019 8:20:58,450,21,Female,20000,3,No,Purple,reddit
6/19/2019 8:21:12,900000,39,Male,110000,3,Yes,turquoise,reddit
6/19/2019 8:21:22,20,17,Male,0,6,Yes,Blue,reddit
6/19/2019 8:22:44,998,25,Male,16000,5,No,Azure,reddit
6/19/2019 8:22:53,3600000,19,Male,8000,8,No,green,reddit
6/19/2019 8:24:34,100000,18,Male,0,7,No,red,reddit
6/19/2019 8:26:35,100000,,Male,,5,No,Blue,reddit
6/19/2019 8:27:53,19995,21,Male,,8,No,blue,reddit
6/19/2019 8:31:14,500,21,Male,0,6,No,Orange,reddit
6/19/2019 8:33:12,3000000,27,Male,28000,4,No,Purple,reddit
6/19/2019 8:34:47,60000000,25,Male,50000,8,No,Blue,reddit
6/19/2019 8:35:13,1000000,39,Male,160000,6,Yes,Yellow,reddit
6/19/2019 8:35:20,500000,29,Female,36000,6,No,blue,reddit
6/19/2019 8:39:21,35000,30,Female,0,5,No,Yellow,reddit
6/19/2019 8:39:53,1E+43,20,Male,5000,3,No,Green,reddit
6/19/2019 8:41:29,450000,22,Male,0,5,No,Silver,reddit
6/19/2019 8:41:45,250,,Male,22000,4,No,Blue,reddit
6/19/2019 8:44:19,489998,20,Male,8000,3,No,Orange,reddit
6/19/2019 8:46:14,999999989,23,Female,110000,4,No,Purple,reddit
6/19/2019 8:47:22,100000,20,Male,0,5,No,blue,reddit
6/19/2019 8:48:24,1000,22,Male,16900,5,No,Green,reddit
6/19/2019 8:49:59,500000,20,Male,15000,7,No,Blue,reddit
6/19/2019 8:50:58,800000,22,Male,440000,8,No,Green,reddit
6/19/2019 8:51:39,10000000000000,,Female,,,,,reddit
6/19/2019 8:53:06,1000,22,Female,,6,No,Red,reddit
6/19/2019 8:54:11,5000000,24,Male,43000,7,No,blue,reddit
6/19/2019 8:58:07,1000,17,Female,100,6,No,purple,reddit
6/19/2019 8:58:28,10000,22,Male,5,7,No,blue,reddit
6/19/2019 8:58:54,35762,26,Female,38000,5,No,Purple ,reddit
6/19/2019 9:00:09,0.01,20,Male,15000,5,No,Green,reddit
6/19/2019 9:00:16,240,,Male,50000,8,No,blue,reddit
6/19/2019 9:01:02,500000,18,Male,0,6,No,Purple,reddit
6/19/2019 9:02:59,10000,23,Female,0,5,No,Green,reddit
6/19/2019 9:03:07,20000,27,Male,65000,6,No,Phil,reddit
6/19/2019 9:03:19,499999,29,Male,30000,3,No,brown,reddit
6/19/2019 9:03:27,120000,29,Male,100000,7,Yes,Blue,reddit
6/19/2019 9:03:32,750000,23,Female,0,4,No,Pink,reddit
6/19/2019 9:06:28,50000,26,Male,0,5,No,Green,reddit
6/19/2019 9:07:06,375000,23,Male,,5,No,Green,reddit
6/19/2019 9:08:00,900,28,Male,22000,4,No,Red,reddit
6/19/2019 9:08:15,2000000,18,Male,500,6,No,Royal blue,reddit
6/19/2019 9:09:21,899998,23,Male,2000,6,No,yellow,reddit
6/19/2019 9:11:13,5000000,34,Male,120000,7,No,Orange,reddit
6/19/2019 9:14:51,500000,16,Male,0,6,No,RED,reddit
6/19/2019 9:19:27,999999,15,Female,0,8,No,Black,reddit
6/19/2019 9:23:31,240,19,Female,7000,7,No,black,reddit
6/19/2019 9:24:17,20000,25,Male,18000,6,No,magenta,reddit
6/19/2019 9:25:42,50000,20,Male,22500,6,No,Orange,reddit
6/19/2019 9:27:03,48500,26,Male,72000,7,No,Purple ,reddit
6/19/2019 9:27:53,9900,31,Male,80000,6,Yes,Orange,reddit
6/19/2019 9:30:04,5,24,Female,20000,3,No,Lavender,reddit
6/19/2019 9:30:13,15000,24,Female,30000,6,No,Purple,reddit
6/19/2019 9:31:08,8000,22,Male,12000,1,No,Blue,reddit
6/19/2019 9:32:25,100000,24,Male,65000,5,No,Blue,reddit
6/19/2019 9:32:56,10000,31,Male,,6,Yes,Blue,reddit
6/19/2019 9:34:24,998,18,Female,10000,7,No,yellow,reddit
6/19/2019 9:35:23,100000,18,Male,30000,7,No,blue ,reddit
6/19/2019 9:38:44,15000,,Male,25000,8,No,Chartreuse,reddit
6/19/2019 9:40:37,50000,27,Female,75,6,No,Orange ,reddit
6/19/2019 9:41:15,100000,30,Male,105000,5,No,green,reddit
6/19/2019 9:41:31,999999,21,Male,550000,8,Yes,brown,reddit
6/19/2019 9:42:01,1000000,18,Male,0,3,No,the purple of the â‚¬500 bill,reddit
6/19/2019 9:45:50,100000,21,Male,,7,No,Green,reddit
6/19/2019 9:46:38,499999,20,Male,26000,6,No,Red,reddit
6/19/2019 9:48:01,500,22,Male,0,3,No,Purple,reddit
6/19/2019 9:48:33,9000,21,Male,0,4,No,blue,reddit
6/19/2019 9:48:46,5000,24,Female,35000,6,No,Green,reddit
6/19/2019 9:54:33,200000,40,Female,120000,8,Yes,Blue,reddit
6/19/2019 9:54:35,100000,21,Male,24000,6,No,Black,reddit
6/19/2019 9:54:47,852.74,41,Male,27500,4,No,Magenta ,reddit
6/19/2019 9:57:27,44499,23,Male,60,7,No,orange,reddit
6/19/2019 9:57:28,999999999999999999999999999999999999999999999999999,19,Male,0,3,No,Purple,reddit
6/19/2019 9:59:40,10000,28,Male,6000,8,No,Grey,reddit
6/19/2019 10:00:30,600,17,Male,1000,6,No,Red,reddit
6/19/2019 10:01:19,430000,27,Male,78000,7,Yes,Yellow,reddit
6/19/2019 10:04:43,25000,19,Female,15000,6,No,Cyan,reddit
6/19/2019 10:05:33,1000,23,Male,70000,6,No,Blue,reddit
6/19/2019 10:06:01,98000,39,Male,50000,6,No,papaya,reddit
6/19/2019 10:08:48,2000000,31,Male,100000,6,Yes,Blue,reddit
6/19/2019 10:09:24,30000,17,Female,0,6,No,Black,reddit
6/19/2019 10:10:43,4999,17,Male,5000,4,No,Orange,reddit
6/19/2019 10:11:31,450000,24,Male,58000,7,No,Red,reddit
6/19/2019 10:11:38,400,22,Male,40000,4,No,Blue,reddit
6/19/2019 10:11:40,50000,28,Female,38000,4,Yes,WHITE,reddit
6/19/2019 10:13:18,13471,19,Male,,3,No,Orange,reddit
6/19/2019 10:15:16,500,27,Male,70000,5,Yes,Brown,reddit
6/19/2019 10:15:36,450,16,Male,0,5,No,Red,reddit
6/19/2019 10:16:11,25000,36,Male,90000,6,Yes,grey,reddit
6/19/2019 10:20:10,10000,21,Female,10000,5,No,Yellow,reddit
6/19/2019 10:20:39,1E+21,16,Male,0,8,No,pink,reddit
6/19/2019 10:23:12,1800,26,Female,25000,7,No,Blue,reddit
6/19/2019 10:23:27,474000,37,Male,65000,2,No,Gray,reddit
6/19/2019 10:24:20,79999,20,Male,,7,No,Blue,reddit
6/19/2019 10:26:25,375000,21,Female,3000,7,No,Green,reddit
6/19/2019 10:26:39,600,20,Male,5500,,No,red,reddit
6/19/2019 10:26:44,20000,28,Female,13000,8,No,Vermillion ,reddit
6/19/2019 10:26:47,0.25,32,Male,20000,4,Yes,Blue,reddit
6/19/2019 10:27:54,7000,17,Male,0,5,No,green,reddit
6/19/2019 10:28:08,9999,39,Male,60000,8,Yes,Green,reddit
6/19/2019 10:28:26,900000,36,Male,55000,3,No,Green,reddit
6/19/2019 10:28:27,500000,30,Male,23000,5,No,Cyan,reddit
6/19/2019 10:30:48,434,,,,3,No,blue,reddit
6/19/2019 10:31:31,50000,24,Male,10000,4,No,Green,reddit
6/19/2019 10:33:05,250000,26,Male,125000,7,No,Red,reddit
6/19/2019 10:34:09,30000,25,Female,20,6,No,Green,reddit
6/19/2019 10:36:37,500,22,Female,140000,6,No,blue,reddit
6/19/2019 10:37:03,1500,23,Female,,5,No,grey,reddit
6/19/2019 10:38:01,10000000,36,Male,80000,6,No,Orange,reddit
6/19/2019 10:40:48,250000,20,Male,20000,6,No,Blue,reddit
6/19/2019 10:42:35,863867,22,Male,5000,7,No,Pink,reddit
6/19/2019 10:43:35,1000,22,Female,,5,No,Black,reddit
6/19/2019 10:44:35,1000,14,Female,,6,No,Purple,reddit
6/19/2019 10:47:53,2000,17,Female,,7,Yes,purple,reddit
6/19/2019 10:48:12,250000,25,Male,20000,4,No,Blue,reddit
6/19/2019 10:50:01,1500,18,Female,10000,4,No,Burgundy,reddit
6/19/2019 10:50:01,300000,28,Male,10000,4,No,orange,reddit
6/19/2019 10:50:55,100000,20,nonbinary,4000,5,No,yellow,reddit
6/19/2019 10:52:27,1000000,13,Male,0,5,No,Red,reddit
6/19/2019 10:54:29,499,20,Prefer not to say,,4,No,black,reddit
6/19/2019 10:55:13,400,20,Male,7000,4,No,Cream,reddit
6/19/2019 10:55:41,499999,21,Male,5000,7,No,Cerulean ,reddit
6/19/2019 10:57:35,5000,22,Female,0,6,No,Green,reddit
6/19/2019 11:03:07,3500,39,Female,50000,6,No,Orange,reddit
6/19/2019 11:03:47,50000000,22,Male,,7,No,blue,reddit
6/19/2019 11:09:29,998,33,Female,24000,6,No,Green,reddit
6/19/2019 11:10:47,4000,32,Female,32000,5,No,Purple ,reddit
6/19/2019 11:10:56,10000,29,Male,,5,No,Green,reddit
6/19/2019 11:11:11,500,18,Male,",",6,No,Blue,reddit
6/19/2019 11:12:34,100000,20,Female,12000,7,No,Red,reddit
6/19/2019 11:12:41,100000,17,Male,0,8,No,blue,reddit
6/19/2019 11:12:51,500000,48,Male,140000,6,Yes,teal,reddit
6/19/2019 11:16:06,250000,22,Female,30000,8,No,Green,reddit
6/19/2019 11:16:12,900000,27,Male,65000,8,No,gray,reddit
6/19/2019 11:17:06,100000,18,Male,0,7,No,Blue,reddit
6/19/2019 11:19:00,50000,29,Male,70000,5,No,Orange,reddit
6/19/2019 11:19:44,6500,28,Male,30000,5,No,Blue,reddit
6/19/2019 11:20:11,750000,26,Female,140000,4,Yes,blue,reddit
6/19/2019 11:21:34,98,23,Female,,4,No,Blue,reddit
6/19/2019 11:22:03,689,27,Male,69010,5,No,green,reddit
6/19/2019 11:22:15,10000,31,Male,90000,4,No,Blue,reddit
6/19/2019 11:26:32,1000000000,,,,,,,reddit
6/19/2019 11:27:33,15000000,22,Male,23000,10,No,Black,reddit
6/19/2019 11:28:00,1000000,21,Female,40000,8,No,Blue,reddit
6/19/2019 11:30:01,500,23,Male,25000,5,No,yellow,reddit
6/19/2019 11:30:25,500,,Male,,5,No,Orange,reddit
6/19/2019 11:30:38,500,15,Female,,6,No,Cyan,reddit
6/19/2019 11:31:36,100000000,23,Male,10000,7,No,Red?,reddit
6/19/2019 11:32:22,30000,25,Male,10000,5,No,Ur mum,reddit
6/19/2019 11:33:00,1000,18,Male,0,7,No,blue,reddit
6/19/2019 11:35:01,100,17,Male,0,4,No,Green,reddit
6/19/2019 11:35:20,49,22,Male,56500,7,No,Fusia,reddit
6/19/2019 11:35:32,1000000,22,Male,90000,5,No,Vermilion,reddit
6/19/2019 11:36:14,5000000,28,Female,50000,6,No,Purple,reddit
6/19/2019 11:38:06,1000000000000,20,Male,12800,7,No,black,reddit
6/19/2019 11:38:14,2000000,25,Male,20000,7,No,orange,reddit
6/19/2019 11:41:53,420,18,Male,0,6,No,pink,reddit
6/19/2019 11:42:07,1000000000000,27,Female,55000,6,No,Yellow,reddit
6/19/2019 11:42:17,5000000,18,Male,12000,4,No,Orange,reddit
6/19/2019 11:43:43,999998,36,Male,36000,4,No,Gray,reddit
6/19/2019 11:45:01,2500,21,Female,,7,No,Green,reddit
6/19/2019 11:45:17,24900,23,Male,60000,8,No,Red,reddit
6/19/2019 11:46:09,1000,26,Male,10000,4,No,Red,reddit
6/19/2019 11:46:24,300,21,Female,,4,No,Blue,reddit
6/19/2019 11:47:30,10000,29,Male,98000,8,Yes,Aqua,reddit
6/19/2019 11:47:50,1000000000000,17,Female,0,7,No,smaragdine,reddit
6/19/2019 11:48:48,500,27,Male,40000,4,Yes,Blue,reddit
6/19/2019 11:52:03,200000,37,Male,170000,8,Yes,green,reddit
6/19/2019 11:52:58,2000,26,Prefer not to say,40000,6,No,Green,reddit
6/19/2019 11:53:27,1499,16,Prefer not to say,5000,4,No,Jade,reddit
6/19/2019 11:56:35,100000,18,Male,28000,7,No,Blue,reddit
6/19/2019 11:58:31,800000,26,Male,55000,3,No,azure,reddit
6/19/2019 12:00:07,450,21,Female,,5,No,blue,reddit
6/19/2019 12:01:42,999999999999999999999999999999999999999999999999999999999999999999999999999999999999999999999999999999999999999999999999999999999999999999999999999999999999999999999999999999999999999999999999999999999999999999999999999999999999999999999999999999999999999999999999999999999999999999999999999999999999999999999999999999999,31,Male,0.02,3,Yes,orange,reddit
6/19/2019 12:01:42,10000,27,Female,80000,5,Yes,Green,reddit
6/19/2019 12:02:42,1000,,Male,21000,4,No,Purple,reddit
6/19/2019 12:03:19,490000,18,Male,,7,No,Blue,reddit
6/19/2019 12:04:45,100000,18,Male,0,8,No,Blue,reddit
6/19/2019 12:06:35,1000000,34,Male,112000,5,Yes,orange,reddit
6/19/2019 12:06:50,325,20,Male,11000,3,No,Aquamarine ,reddit
6/19/2019 12:07:19,500000,21,Female,,7,Yes,Blue.,reddit
6/19/2019 12:08:18,500000,30,Female,130000,6,Yes,Blue,reddit
6/19/2019 12:08:29,15000,26,Male,38000,5,No,Turquoise,reddit
6/19/2019 12:09:24,1000,27,Neutrois (Nonbinary_,,6,Yes,Blue,reddit
6/19/2019 12:09:46,10000,26,Female,15000,5,No,Purple ,reddit
6/19/2019 12:10:45,600000,25,Male,70000,4,Yes,Blue,reddit
6/19/2019 12:13:08,19.99,22,Male,85000,7,No,black,reddit
6/19/2019 12:13:33,20000,29,Female-aligned nonbinary,3600,6,No,Purple,reddit
6/19/2019 12:14:55,6000000,14,Female,,5,No,red,reddit
6/19/2019 12:16:23,99999,,Male,20000,7,No,mauve,reddit
6/19/2019 12:16:27,50000,20,Female,0,6,No,Blue,reddit
6/19/2019 12:17:02,4000,14,Male,0,3,No,Orange,reddit
6/19/2019 12:17:10,48,37,Male,56000,4,No,pink,reddit
6/19/2019 12:17:19,50000,23,Female,18000,6,No,Blue ,reddit
6/19/2019 12:17:52,9989,21,Male,12000,5,No,Red,reddit
6/19/2019 12:19:40,10000,20,Male,0,3,No,Navy,reddit
6/19/2019 12:26:16,100000,19,Female,20000,5,No,Blue,reddit
6/19/2019 12:27:38,999999,39,Male,,,,,reddit
6/19/2019 12:30:49,5000000,31,Male,100000,5,Yes,Orange,reddit
6/19/2019 12:31:17,150000,28,Male,80000,7,No,green,reddit
6/19/2019 12:32:53,3000,21,Male,10000,4,No,red,reddit
6/19/2019 12:33:52,150,18,Male,0,6,No,Cyan,reddit
6/19/2019 12:34:50,10000000,51,Female,100000,8,Yes,Blue,reddit
6/19/2019 12:35:01,999999,23,Male,70000,4,Yes,vantablack,reddit
6/19/2019 12:35:23,400000,42,Male,117000,7,Yes,green,reddit
6/19/2019 12:35:43,5000,18,Male,3300,5,No,Orange ,reddit
6/19/2019 12:35:45,1,20,Male,5000,6,No,Blue,reddit
6/19/2019 12:36:00,20000,22,Female,0,7,No,Orange,reddit
6/19/2019 12:37:06,500000,19,Male,0,7,No,Zem,reddit
6/19/2019 12:37:15,5000,,,,,,,reddit
6/19/2019 12:38:03,100000,22,Male,25000,7,No,Yellow,reddit
6/19/2019 12:39:37,375,20,Female,15000,6,No,Red,reddit
6/19/2019 12:40:14,100000,30,Female,38000,5,No,Gray,reddit
6/19/2019 12:40:30,1000000,,Female,100000,8,Yes,Pink,reddit
6/19/2019 12:42:12,999,,Male,,7,No,grey,reddit
6/19/2019 12:44:46,98999,31,Male,70000,5,No,,reddit
6/19/2019 12:47:41,99999999999,18,Female,50,4,No,Periwinkle,reddit
6/19/2019 12:53:27,30,18,Male,0,7,No,Green,reddit
6/19/2019 12:54:06,1000,,Female,50000,4,No,Blue,reddit
6/19/2019 12:56:14,800000,20,Male,,7,No,,reddit
6/19/2019 12:56:41,10000,29,Female,34000,8,No,Yellow,reddit
6/19/2019 13:11:58,249999,30,Male,80000,5,Yes,blue,reddit
6/19/2019 13:18:56,10000,20,Male,19000,7,No,Purple,reddit
6/19/2019 13:24:05,48888,,,,,,,reddit
6/19/2019 13:28:12,4500,37,Female,26000,3,Yes,Red,reddit
6/19/2019 13:37:43,300,31,Female,68000,6,Yes,Blue,reddit
6/19/2019 13:41:41,10000,38,Male,75000,6,Yes,black,reddit
6/19/2019 13:45:59,200,22,Female,0,7,No,red,reddit
6/19/2019 13:49:46,1000000,,,,,,,reddit
6/19/2019 13:53:53,300,23,Female,40000,7,Yes,Purple ,reddit
6/19/2019 14:01:48,1000000,36,Male,0,8,No,Black ,reddit
6/19/2019 14:02:52,100000,30,Female,50000,5,No,teal,reddit
6/19/2019 14:16:02,948700,35,Male,125000,5,Yes,Chartreuse,reddit
6/19/2019 14:17:45,500,15,Female,0,5,No,Blue ,reddit
6/19/2019 14:25:26,10000,16,Female,500,6,No,Cyan,reddit
6/19/2019 14:27:30,1000,22,Female,0,4,No,Blue,reddit
6/19/2019 14:32:51,99.99,18,Male,2500,5,No,Blue,reddit
6/19/2019 14:35:22,999999,31,Male,9845,4,No,peacock's neck,reddit
6/19/2019 14:36:16,300,16,Female,1500,6,No,Pink,reddit
6/19/2019 14:38:01,666666,27,Prefer not to say,,3,No,purple,reddit
6/19/2019 14:55:19,200,15,Female,0,6,No,Pastel Pink,reddit
6/19/2019 14:55:27,100,34,Male,40000,4,Yes,Blue,reddit
6/19/2019 14:58:54,10000,17,Male,0,8,Yes,green,reddit
6/19/2019 15:03:52,500000000,17,Male,3000,8,No,Purple,reddit
6/19/2019 15:08:27,700000,26,Female,5000,3,No,Green,reddit
6/19/2019 15:09:31,9000,,Female,30000,5,No,Red,reddit
6/19/2019 15:10:17,399,19,Female,,7,No,Green,reddit
6/19/2019 15:14:40,4999999,28,Male,80000,9,Yes,yellow,reddit
6/19/2019 15:18:04,2000000,0,Male,0,6,No,Green,reddit
6/19/2019 15:18:57,1000000,25,Male,25000,4,No,blue,reddit
6/19/2019 15:21:30,999,15,Female,0,9,No,Emily (ahahah...),reddit
6/19/2019 15:21:49,24000,24,Male,40500,7,No,Blue,reddit
6/19/2019 15:26:59,50000,21,Male,,7,No,Blue,reddit
6/19/2019 15:28:32,500000,23,Male,50000,8,No,blue,reddit
6/19/2019 15:34:34,10000000,20,Female,0,4,No,Cyan,reddit
6/19/2019 15:40:11,385000,,Male,125000,4,Yes,topaz,reddit
6/19/2019 15:50:10,5000,,,,,,,reddit
6/19/2019 16:01:43,500000,21,Male,15000,6,No,Blue,reddit
6/19/2019 16:06:42,1000000000000,18,Male,0,3,No,blue,reddit
6/19/2019 16:16:45,100000,,,,,,,reddit
6/19/2019 16:21:40,10000,21,Female,26000,7,No,pink,reddit
6/19/2019 16:23:58,100000,38,Male,100000,7,Yes,Puce,reddit
6/19/2019 16:34:59,499,21,Male,0,6,No,Orange,reddit
6/19/2019 16:50:15,3400,20,Male,0,7,No,Green,reddit
6/19/2019 16:53:02,999999,31,Male,200000,6,No,Turquoise,reddit
6/19/2019 16:58:10,4991,21,Male,3000,4,No,green,reddit
6/19/2019 17:02:05,5000,19,Female,,,,Turquoise,reddit
6/19/2019 17:10:25,50000,23,Male,20,7,No,Blue,reddit
6/19/2019 17:34:21,500,18,Male,3,5,No,Blue,reddit
6/19/2019 17:37:55,1000000,23,Female,35000,5,No,Green,reddit
6/19/2019 17:38:59,600000,27,Male,50000,3,Yes,Blue,reddit
6/19/2019 17:40:24,40000,23,Male,100000,4,No,Blue,reddit
6/19/2019 17:41:26,5000,17,Female,3000,4,No,Magenta,reddit
6/19/2019 17:41:59,300,25,Female,,7,No,Red,reddit
6/19/2019 17:44:48,1000000,22,Male,120000,5,No,Blue,reddit
6/19/2019 17:49:43,900000,,,,,,,reddit
6/19/2019 17:58:50,47,20,Male,35000,6,No,Blue (da ba dee),reddit
6/19/2019 18:03:16,10000000,21,Female,10000,4,No,Yellow,reddit
6/19/2019 18:08:32,499998.99,25,Female,40000,8,No,Black,reddit
6/19/2019 18:12:15,1000,45,Female,100000,7,Yes,George (he's a teal),reddit
6/19/2019 18:13:05,6942069,27,Male,25,8,No,Black,reddit
6/19/2019 18:23:19,500000,24,Female,65000,5,No,Green,reddit
6/19/2019 18:25:29,410,15,Male,,6,Yes,red,reddit
6/19/2019 18:28:51,10000,24,Male,60000,5,No,yellow,reddit
6/19/2019 18:35:01,10000000,30,Male,0,3,No,Burnt Umber,reddit
6/19/2019 18:41:26,499999,29,Female,55000,5,Yes,Green,reddit
6/19/2019 18:42:50,40000,13,Female,0,4,No,Ultraviolet ,reddit
6/19/2019 18:51:49,100000,20,Female,0,6,No,green,reddit
6/19/2019 19:04:51,75000,17,Male,1200,4,No,Purple,reddit
6/19/2019 19:06:37,900000,29,Male,25000,5,No,Green,reddit
6/19/2019 19:18:02,10000,20,Male,0,8,No,purple,reddit
6/19/2019 19:25:29,100000,15,Male,,6,No,Blue,reddit
6/19/2019 19:43:18,1000,20,Male,6000,5,No,Orange,reddit
6/19/2019 19:48:20,100000000,16,Male,11000,7,No,Black,reddit
6/19/2019 19:56:21,10000,15,Male,0,4,No,Blue,reddit
6/19/2019 20:19:14,498,26,Male,70000,4,Yes,green,reddit
6/19/2019 20:29:05,25000,20,Male,4000,4,No,Burgundy ,reddit
6/19/2019 20:42:31,1E+236,19,Male,0,7,No,purple,reddit
6/19/2019 21:31:01,50000,27,Male,0,5,No,Red,reddit
6/19/2019 21:43:30,10000,28,Male,20000,4,No,Blue,reddit
6/19/2019 22:14:39,10000000,20,Male,25000,6,No,Blue,reddit
6/19/2019 22:48:54,100000,36,Female,,3,No,Blue,reddit
6/19/2019 22:55:25,10000,31,Female,110000,4,Yes,purple,reddit
6/20/2019 0:00:34,1000000,26,Male,30000,6,Yes,Red,reddit
6/20/2019 0:30:46,10000,23,Male,3000,3,No,Purple,reddit
6/20/2019 1:20:24,6750000,35,Female,35000,7,Yes,turquoise ,reddit
6/20/2019 2:20:21,100,,,,,,,reddit
6/20/2019 3:00:41,1000,19,Male,0,8,No,red,reddit
6/20/2019 3:01:15,10000,23,Female,0,5,No,Purple,reddit
6/20/2019 5:11:10,10000,30,Male,18500,4,No,red,reddit
6/20/2019 5:50:14,100000,33,Male,60000,5,Yes,Green,reddit
6/20/2019 7:46:28,10000,15,Female,0,3,No,blue,reddit
6/20/2019 8:34:00,400,17,Male,1000,7,No,Yellow,reddit
6/20/2019 9:03:15,20,28,Male,60000,4,No,Blue,reddit
6/20/2019 9:46:36,150,22,Female,0,8,No,Yellow,reddit
6/20/2019 9:49:58,1200,17,Male,,6,No,Green,reddit
6/20/2019 10:07:17,75000,14,Female,0,8,No,Yellow,reddit
6/20/2019 10:57:12,5000,22,Male,52000,5,No,Red,reddit
6/20/2019 11:02:36,300000,21,Female,8000,5,No,Blue,reddit
6/20/2019 13:59:37,999999.98,16,Male,0,4,No,Blue,reddit
6/20/2019 15:15:38,500,30,Male,0,3,No,Green,reddit
6/20/2019 15:23:40,300,25,Female,26000,4,No,Purple,reddit
6/20/2019 22:21:58,3890,58,Female,58000,6,No,blue,reddit
6/21/2019 3:05:34,0.2,17,Male,,6,No,Blue ,reddit
6/21/2019 14:55:49,5000,22,Male,10000,4,No,Toenail yellow ,reddit
6/21/2019 20:23:42,420,20,Female,10000,6,No,Turquoise,reddit
6/21/2019 23:26:53,10000,20,Female,45000,4,No,Green,reddit
6/22/2019 4:13:29,48,,Male,0,5,No,Orange,reddit
6/22/2019 11:41:45,1,15,Male,2000,7,No,Turquoise ,reddit
6/22/2019 12:19:46,1000,16,Male,0,7,No,Green,reddit
6/22/2019 15:48:33,1000000000,24,Female,40000,6,No,Red,reddit
6/22/2019 17:45:39,3,18,Male,20000,4,Yes,Red,reddit
6/22/2019 23:53:29,1000000000000,29,Male,54000,8,No,Cerulean,reddit
6/23/2019 14:02:00,500000,19,Male,1000,5,No,red,reddit
6/23/2019 19:41:13,100,,,,,,,reddit
6/23/2019 20:20:27,10000,20,Female,3000,5,No,Purple,reddit
6/23/2019 23:13:13,10000000,22,Male,18000,4,No,Green,reddit
6/24/2019 8:17:07,499,47,Female,5000,7,No,Blue,reddit
6/24/2019 8:37:54,10000,22,Male,25000,7,No,Green,reddit